{
	"pages": [ //pages数组中第一项表示应用启动页，参考：https://uniapp.dcloud.io/collocation/pages
		{
			"path": "pages/index/index",
			"style": {
				"navigationBarTitleText": "首页"
			}
		}
	    ,{
            "path" : "pages/launch/launch",
            "style" : {
				"navigationBarTitleText": "发起"
			}
        }
        ,{
            "path" : "pages/copy/copy",
            "style" : {}
        }
        ,{
            "path" : "pages/examination/examination",
            "style" : {}
        }
        ,{
            "path" : "pages/sub_expensel/sub_expensel",
            "style" : {}
        }
        ,{
            "path" : "components/file-upload/file-upload",
            "style" : {}
        }
        ,{
            "path" : "components/apply-detail/apply-detail",
            "style" : {}
        }
        ,{
            "path" : "components/steps/steps",
            "style" : {}
        }
        ,{
            "path" : "pages/members/members",
            "style" : {}
        }
    ],
	"globalStyle": {
		"navigationBarTextStyle": "black",
		"navigationBarTitleText": "uni-app",
		"navigationBarBackgroundColor": "#F8F8F8",
		"backgroundColor": "#F8F8F8"
	},
	"tabBar": {
	    "textColor": "#cccccc",
	    "selectedColor": "#49a9ee",
	    "backgroundColor": "#ffffff",
	    "list": [
	      {
			"text": "我审批的",
	        "pagePath": "pages/examination/examination"
	      },
	      {
			"text": "我发起的",
	        "pagePath": "pages/launch/launch"
	      },
	      {
			"text": "抄送我的",
	        "pagePath": "pages/copy/copy"
	      },
	      {
			"text": "我的",
	        "pagePath": "pages/index/index"
	      }
	    ]
	  }
}
